<?xml version="1.0" encoding="UTF-8" standalone="yes"?>
<addon id="plugin.program.KodiCatWizard" name="[COLOR orangered]KodiCat Wizard[/COLOR]" version="2.8A" provider-name="KodiCat">
    <requires>
        <import addon="xbmc.python" version="2.1.0"/>
    </requires>
    <extension point="xbmc.python.pluginsource" library="default.py">
        <provides>executable</provides>
    </extension>
    <extension point="xbmc.service" library="startup.py" start="startup" />
    <extension point="xbmc.addon.metadata">
        <summary lang="en">KodiCat</summary>
        <description lang="en">KodiCat Wizard allows you to get access to the latest KodiCat Custom Builds.</description>
        <platform>all</platform>
    </extension>
</addon>